{
	"width" : 680,
	"height" : 480,
	"intrinsic_matrix" :
	[
		959.018494,0, 0,
		0, 959.018494, 0,
		0, 0, 1
	]
}