{
	"class_name" : "PinholeCameraParameters",
	"extrinsic" : 
	[
		0.99739456425133266,
		0.011624118882742313,
		-0.07119665063817443,
		0.0,
		-0.0086407332285470071,
		-0.9605771050658064,
		-0.27787940361363223,
		0.0,
		-0.071619975783069584,
		0.27777059794656944,
		-0.95797394222663379,
		0.0,
		-0.20050742279662012,
		0.14102819725266255,
		0.56559872681190781,
		1.0
	],
	"intrinsic" : 
	{
		"height" : 600,
		"intrinsic_matrix" : 
		[
			519.6152422706632,
			0.0,
			0.0,
			0.0,
			519.6152422706632,
			0.0,
			399.5,
			299.5,
			1.0
		],
		"width" : 800
	},
	"version_major" : 1,
	"version_minor" : 0
}