{
	"class_name" : "PinholeCameraParameters",
	"extrinsic" : 
	[
		0.72632914784110958,
		-0.68675441269201776,
		-0.028536742008322125,
		0.0,
		-0.60637083577266326,
		-0.62065780783641766,
		-0.49708982598324669,
		0.0,
		0.32366707976062326,
		0.37835467780871207,
		-0.86722970386137965,
		0.0,
		29.551212047173482,
		15.64167298839919,
		56.352703676059214,
		1.0
	],
	"intrinsic" : 
	{
		"height" : 600,
		"intrinsic_matrix" : 
		[
			519.6152422706632,
			0.0,
			0.0,
			0.0,
			519.6152422706632,
			0.0,
			399.5,
			299.5,
			1.0
		],
		"width" : 800
	},
	"version_major" : 1,
	"version_minor" : 0
}