{
	"class_name" : "PinholeCameraParameters",
	"extrinsic" : 
	[
		-0.16104052622086737,
		0.088252113038373686,
		-0.98299415738791052,
		0.0,
		0.21454936630253388,
		0.97530582308478264,
		0.05241298385033747,
		0.0,
		0.96334548233418693,
		-0.20246015904660528,
		-0.17599819790309223,
		0.0,
		-1.4906724599486576,
		-1.4727973478108067,
		6.0726787761615615,
		1.0
	],
	"intrinsic" : 
	{
		"height" : 600,
		"intrinsic_matrix" : 
		[
			519.6152422706632,
			0.0,
			0.0,
			0.0,
			519.6152422706632,
			0.0,
			399.5,
			299.5,
			1.0
		],
		"width" : 800
	},
	"version_major" : 1,
	"version_minor" : 0
}