{
	"class_name" : "PinholeCameraParameters",
	"extrinsic" : 
	[
		0.99122586867186491,
		-0.036555608018068751,
		0.12702348128647767,
		0.0,
		0.010180366351383592,
		-0.93702791616930292,
		-0.34910606477167588,
		0.0,
		0.13178633243496252,
		0.34733610788664532,
		-0.92843416069288309,
		0.0,
		-0.0530574584517274,
		0.19932429737847043,
		0.55300730355754069,
		1.0
	],
	"intrinsic" : 
	{
		"height" : 600,
		"intrinsic_matrix" : 
		[
			519.6152422706632,
			0.0,
			0.0,
			0.0,
			519.6152422706632,
			0.0,
			399.5,
			299.5,
			1.0
		],
		"width" : 800
	},
	"version_major" : 1,
	"version_minor" : 0
}