{
	"class_name" : "PinholeCameraParameters",
	"extrinsic" : 
	[
		0.87916026945488801,
		0.089394601789765799,
		-0.46806604852612199,
		0.0,
		-0.11729906807977268,
		-0.91142547518520245,
		-0.39439134347884064,
		0.0,
		-0.46186377779560245,
		0.40163691109542854,
		-0.79080316287057006,
		0.0,
		-0.46820980547496954,
		0.22084783735529501,
		0.73755951373007211,
		1.0
	],
	"intrinsic" : 
	{
		"height" : 600,
		"intrinsic_matrix" : 
		[
			519.6152422706632,
			0.0,
			0.0,
			0.0,
			519.6152422706632,
			0.0,
			399.5,
			299.5,
			1.0
		],
		"width" : 800
	},
	"version_major" : 1,
	"version_minor" : 0
}